Id,Expected
2000,neg
2001,pos
2002,neg
2003,neg
2004,neg
2005,pos
2006,neg
2007,neg
2008,neg
2009,pos
2010,pos
2011,pos
2012,neg
2013,neg
2014,pos
2015,neg
2016,pos
2017,pos
2018,pos
2019,neg
2020,neg
2021,neg
2022,neg
2023,neg
2024,pos
2025,pos
2026,neg
2027,neg
2028,neg
2029,pos
2030,pos
2031,pos
2032,neg
2033,neg
2034,pos
2035,neg
2036,pos
2037,neg
2038,neg
2039,neg
2040,neg
2041,neg
2042,neg
2043,pos
2044,neg
2045,neg
2046,pos
2047,pos
2048,pos
2049,pos
2050,neg
2051,neg
2052,neg
2053,neg
2054,neg
2055,neg
2056,neg
2057,pos
2058,neg
2059,pos
2060,neg
2061,pos
2062,pos
2063,pos
2064,neg
2065,pos
2066,neg
2067,pos
2068,pos
2069,neg
2070,neg
2071,pos
2072,neg
2073,pos
2074,pos
2075,neg
2076,neg
2077,neg
2078,pos
2079,pos
2080,pos
2081,pos
2082,pos
2083,pos
2084,neg
2085,pos
2086,pos
2087,pos
2088,neg
2089,neg
2090,pos
2091,pos
2092,pos
2093,neg
2094,pos
2095,neg
2096,neg
2097,pos
2098,pos
2099,neg
2100,neg
2101,neg
2102,pos
2103,pos
2104,neg
2105,neg
2106,neg
2107,neg
2108,neg
2109,pos
2110,pos
2111,neg
2112,neg
2113,pos
2114,neg
2115,pos
2116,pos
2117,neg
2118,pos
2119,pos
2120,neg
2121,pos
2122,neg
2123,neg
2124,neg
2125,pos
2126,pos
2127,neg
2128,pos
2129,neg
2130,pos
2131,neg
2132,pos
2133,neg
2134,pos
2135,neg
2136,neg
2137,pos
2138,pos
2139,neg
2140,neg
2141,pos
2142,neg
2143,neg
2144,neg
2145,pos
2146,pos
2147,neg
2148,neg
2149,neg
2150,neg
2151,neg
2152,neg
2153,pos
2154,pos
2155,pos
2156,neg
2157,pos
2158,neg
2159,pos
2160,pos
2161,neg
2162,pos
2163,pos
2164,pos
2165,neg
2166,neg
2167,pos
2168,pos
2169,pos
2170,neg
2171,pos
2172,neg
2173,pos
2174,pos
2175,neg
2176,neg
2177,neg
2178,pos
2179,pos
2180,pos
2181,pos
2182,neg
2183,pos
2184,pos
2185,pos
2186,pos
2187,neg
2188,neg
2189,neg
2190,neg
2191,pos
2192,pos
2193,pos
2194,pos
2195,pos
2196,pos
2197,neg
2198,pos
2199,neg
2200,neg
2201,neg
2202,pos
2203,neg
2204,neg
2205,neg
2206,pos
2207,pos
2208,neg
2209,neg
2210,pos
2211,pos
2212,neg
2213,pos
2214,neg
2215,pos
2216,neg
2217,pos
2218,pos
2219,neg
2220,neg
2221,pos
2222,pos
2223,neg
2224,pos
2225,neg
2226,neg
2227,pos
2228,pos
2229,neg
2230,neg
2231,pos
2232,neg
2233,pos
2234,neg
2235,pos
2236,neg
2237,pos
2238,neg
2239,neg
2240,neg
2241,pos
2242,neg
2243,neg
2244,pos
2245,pos
2246,pos
2247,pos
2248,neg
2249,neg
2250,pos
2251,neg
2252,neg
2253,pos
2254,neg
2255,neg
2256,pos
2257,pos
2258,pos
2259,neg
2260,pos
2261,neg
2262,pos
2263,pos
2264,pos
2265,pos
2266,pos
2267,pos
2268,neg
2269,pos
2270,pos
2271,pos
2272,neg
2273,neg
2274,pos
2275,pos
2276,neg
2277,neg
2278,neg
2279,neg
2280,neg
2281,neg
2282,pos
2283,neg
2284,neg
2285,pos
2286,neg
2287,pos
2288,neg
2289,pos
2290,neg
2291,neg
2292,pos
2293,neg
2294,pos
2295,neg
2296,neg
2297,pos
2298,neg
2299,pos
2300,pos
2301,pos
2302,pos
2303,neg
2304,neg
2305,pos
2306,pos
2307,neg
2308,pos
2309,neg
2310,neg
2311,pos
2312,pos
2313,neg
2314,neg
2315,pos
2316,neg
2317,pos
2318,neg
2319,pos
2320,pos
2321,neg
2322,neg
2323,pos
2324,pos
2325,neg
2326,pos
2327,neg
2328,neg
2329,pos
2330,pos
2331,pos
2332,neg
2333,pos
2334,pos
2335,neg
2336,pos
2337,neg
2338,pos
2339,neg
2340,pos
2341,pos
2342,pos
2343,pos
2344,neg
2345,pos
2346,pos
2347,pos
2348,pos
2349,pos
2350,pos
2351,neg
2352,pos
2353,pos
2354,neg
2355,neg
2356,pos
2357,pos
2358,neg
2359,neg
2360,pos
2361,pos
2362,neg
2363,pos
2364,pos
2365,neg
2366,neg
2367,pos
2368,pos
2369,pos
2370,neg
2371,neg
2372,neg
2373,neg
2374,neg
2375,pos
2376,pos
2377,neg
2378,pos
2379,pos
2380,pos
2381,neg
2382,pos
2383,neg
2384,neg
2385,pos
2386,neg
2387,neg
2388,pos
2389,pos
2390,neg
2391,pos
2392,neg
2393,neg
2394,pos
2395,pos
2396,neg
2397,pos
2398,pos
2399,pos
2400,pos
2401,pos
2402,pos
2403,pos
2404,pos
2405,neg
2406,neg
2407,pos
2408,pos
2409,pos
2410,neg
2411,neg
2412,pos
2413,neg
2414,pos
2415,neg
2416,pos
2417,pos
2418,pos
2419,neg
2420,neg
2421,pos
2422,pos
2423,pos
2424,pos
2425,neg
2426,neg
2427,neg
2428,pos
2429,neg
2430,pos
2431,neg
2432,pos
2433,neg
2434,neg
2435,pos
2436,neg
2437,pos
2438,neg
2439,neg
2440,neg
2441,pos
2442,pos
2443,neg
2444,neg
2445,neg
2446,neg
2447,neg
2448,pos
2449,neg
2450,neg
2451,neg
2452,neg
2453,pos
2454,pos
2455,pos
2456,pos
2457,neg
2458,neg
2459,neg
2460,neg
2461,pos
2462,neg
2463,pos
2464,neg
2465,neg
2466,neg
2467,neg
2468,pos
2469,pos
2470,pos
2471,neg
2472,neg
2473,neg
2474,pos
2475,neg
2476,neg
2477,neg
2478,pos
2479,pos
2480,neg
2481,pos
2482,pos
2483,neg
2484,pos
2485,pos
2486,pos
2487,pos
2488,pos
2489,pos
2490,pos
2491,neg
2492,pos
2493,pos
2494,pos
2495,pos
2496,neg
2497,neg
2498,pos
2499,neg
2500,pos
2501,neg
2502,pos
2503,pos
2504,neg
2505,pos
2506,pos
2507,neg
2508,pos
2509,neg
2510,neg
2511,neg
2512,neg
2513,neg
2514,neg
2515,pos
2516,pos
2517,neg
2518,pos
2519,neg
2520,pos
2521,pos
2522,neg
2523,pos
2524,neg
2525,pos
2526,pos
2527,neg
2528,pos
2529,neg
2530,neg
2531,pos
2532,pos
2533,pos
2534,neg
2535,neg
2536,pos
2537,neg
2538,neg
2539,neg
2540,pos
2541,neg
2542,pos
2543,neg
2544,pos
2545,pos
2546,pos
2547,neg
2548,pos
2549,pos
2550,neg
2551,neg
2552,pos
2553,pos
2554,neg
2555,pos
2556,neg
2557,neg
2558,pos
2559,pos
2560,neg
2561,pos
2562,pos
2563,pos
2564,pos
2565,pos
2566,pos
2567,pos
2568,pos
2569,pos
2570,pos
2571,neg
2572,pos
2573,pos
2574,neg
2575,neg
2576,neg
2577,neg
2578,pos
2579,pos
2580,pos
2581,neg
2582,neg
2583,pos
2584,pos
2585,pos
2586,pos
2587,pos
2588,neg
2589,neg
2590,pos
2591,neg
2592,pos
2593,pos
2594,neg
2595,neg
2596,neg
2597,pos
2598,neg
2599,neg
2600,pos
2601,pos
2602,neg
2603,neg
2604,pos
2605,neg
2606,neg
2607,pos
2608,neg
2609,neg
2610,pos
2611,pos
2612,neg
2613,pos
2614,neg
2615,pos
2616,pos
2617,neg
2618,pos
2619,pos
2620,neg
2621,pos
2622,neg
2623,pos
2624,pos
2625,pos
2626,pos
2627,neg
2628,pos
2629,pos
2630,pos
2631,pos
2632,neg
2633,neg
2634,neg
2635,neg
2636,neg
2637,neg
2638,pos
2639,pos
2640,pos
2641,neg
2642,neg
2643,pos
2644,neg
2645,pos
2646,pos
2647,neg
2648,neg
2649,pos
2650,neg
2651,pos
2652,neg
2653,pos
2654,neg
2655,neg
2656,neg
2657,neg
2658,neg
2659,neg
2660,neg
2661,neg
2662,pos
2663,pos
2664,pos
2665,pos
2666,pos
2667,neg
2668,neg
2669,neg
2670,pos
2671,pos
2672,neg
2673,neg
2674,neg
2675,neg
2676,pos
2677,neg
2678,pos
2679,neg
2680,pos
2681,pos
2682,neg
2683,pos
2684,neg
2685,neg
2686,neg
2687,pos
2688,neg
2689,neg
2690,neg
2691,neg
2692,neg
2693,pos
2694,neg
2695,neg
2696,pos
2697,neg
2698,neg
2699,pos
2700,neg
2701,pos
2702,neg
2703,neg
2704,pos
2705,neg
2706,neg
2707,pos
2708,neg
2709,pos
2710,pos
2711,neg
2712,neg
2713,pos
2714,pos
2715,neg
2716,neg
2717,pos
2718,pos
2719,neg
2720,pos
2721,pos
2722,neg
2723,pos
2724,neg
2725,pos
2726,neg
2727,neg
2728,pos
2729,pos
2730,neg
2731,pos
2732,neg
2733,pos
2734,neg
2735,neg
2736,pos
2737,pos
2738,pos
2739,neg
2740,neg
2741,neg
2742,pos
2743,pos
2744,neg
2745,neg
2746,pos
2747,neg
2748,pos
2749,neg
2750,pos
2751,pos
2752,pos
2753,neg
2754,pos
2755,neg
2756,pos
2757,pos
2758,pos
2759,pos
2760,neg
2761,pos
2762,pos
2763,neg
2764,neg
2765,pos
2766,pos
2767,pos
2768,pos
2769,neg
2770,neg
2771,neg
2772,neg
2773,pos
2774,neg
2775,neg
2776,neg
2777,neg
2778,neg
2779,pos
2780,pos
2781,neg
2782,neg
2783,pos
2784,pos
2785,pos
2786,neg
2787,neg
2788,neg
2789,neg
2790,neg
2791,pos
2792,pos
2793,neg
2794,neg
2795,neg
2796,pos
2797,pos
2798,neg
2799,neg
2800,pos
2801,neg
2802,neg
2803,neg
2804,neg
2805,pos
2806,neg
2807,neg
2808,pos
2809,neg
2810,neg
2811,pos
2812,pos
2813,neg
2814,neg
2815,pos
2816,neg
2817,neg
2818,neg
2819,neg
2820,pos
2821,pos
2822,neg
2823,pos
2824,neg
2825,neg
2826,pos
2827,neg
2828,neg
2829,neg
2830,neg
2831,pos
2832,neg
2833,neg
2834,pos
2835,pos
2836,pos
2837,neg
2838,neg
2839,pos
2840,neg
2841,neg
2842,pos
2843,pos
2844,pos
2845,pos
2846,pos
2847,pos
2848,neg
2849,neg
2850,neg
2851,pos
2852,neg
2853,neg
2854,pos
2855,pos
2856,neg
2857,neg
2858,neg
2859,neg
2860,neg
2861,pos
2862,neg
2863,pos
2864,neg
2865,neg
2866,pos
2867,pos
2868,neg
2869,neg
2870,neg
2871,pos
2872,neg
2873,neg
2874,pos
2875,pos
2876,neg
2877,neg
2878,pos
2879,pos
2880,neg
2881,neg
2882,neg
2883,pos
2884,neg
2885,neg
2886,neg
2887,neg
2888,neg
2889,neg
2890,pos
2891,neg
2892,neg
2893,pos
2894,neg
2895,neg
2896,pos
2897,neg
2898,pos
2899,neg
2900,pos
2901,neg
2902,pos
2903,pos
2904,neg
2905,neg
2906,pos
2907,pos
2908,pos
2909,pos
2910,pos
2911,neg
2912,neg
2913,pos
2914,pos
2915,neg
2916,neg
2917,neg
2918,pos
2919,neg
2920,neg
2921,neg
2922,pos
2923,pos
2924,pos
2925,neg
2926,neg
2927,pos
2928,neg
2929,neg
2930,neg
2931,neg
2932,pos
2933,pos
2934,pos
2935,pos
2936,pos
2937,pos
2938,pos
2939,neg
2940,neg
2941,neg
2942,neg
2943,neg
2944,neg
2945,neg
2946,neg
2947,neg
2948,neg
2949,pos
2950,pos
2951,neg
2952,pos
2953,pos
2954,pos
2955,neg
2956,pos
2957,neg
2958,neg
2959,neg
2960,neg
2961,pos
2962,neg
2963,pos
2964,neg
2965,neg
2966,pos
2967,neg
2968,pos
2969,neg
2970,pos
2971,pos
2972,neg
2973,pos
2974,neg
2975,neg
2976,neg
2977,pos
2978,pos
2979,neg
2980,pos
2981,pos
2982,neg
2983,pos
2984,pos
2985,pos
2986,neg
2987,neg
2988,pos
2989,pos
2990,pos
2991,pos
2992,pos
2993,pos
2994,neg
2995,neg
2996,neg
2997,neg
2998,neg
2999,pos
3000,pos
3001,neg
3002,pos
3003,pos
3004,pos
3005,pos
3006,neg
3007,pos
3008,pos
3009,pos
3010,pos
3011,neg
3012,pos
3013,pos
3014,neg
3015,neg
3016,pos
3017,pos
3018,pos
3019,neg
3020,pos
3021,pos
3022,pos
3023,neg
3024,pos
3025,neg
3026,pos
3027,neg
3028,neg
3029,pos
3030,neg
3031,neg
3032,pos
3033,pos
3034,pos
3035,neg
3036,neg
3037,neg
3038,pos
3039,pos
3040,neg
3041,neg
3042,pos
3043,pos
3044,neg
3045,pos
3046,pos
3047,neg
3048,neg
3049,neg
3050,neg
3051,pos
3052,neg
3053,neg
3054,neg
3055,neg
3056,neg
3057,neg
3058,pos
3059,pos
3060,pos
3061,pos
3062,pos
3063,neg
3064,neg
3065,neg
3066,pos
3067,neg
3068,pos
3069,neg
3070,pos
3071,neg
3072,neg
3073,pos
3074,pos
3075,neg
3076,neg
3077,neg
3078,neg
3079,pos
3080,pos
3081,neg
3082,pos
3083,neg
3084,neg
3085,neg
3086,pos
3087,neg
3088,pos
3089,pos
3090,neg
3091,pos
3092,neg
3093,pos
3094,pos
3095,pos
3096,neg
3097,pos
3098,neg
3099,neg
3100,pos
3101,pos
3102,pos
3103,pos
3104,pos
3105,neg
3106,neg
3107,pos
3108,pos
3109,neg
3110,neg
3111,pos
3112,pos
3113,neg
3114,neg
3115,neg
3116,pos
3117,pos
3118,pos
3119,pos
3120,neg
3121,neg
3122,neg
3123,neg
3124,neg
3125,neg
3126,pos
3127,neg
3128,pos
3129,neg
3130,pos
3131,neg
3132,neg
3133,neg
3134,pos
3135,pos
3136,pos
3137,pos
3138,pos
3139,neg
3140,neg
3141,pos
3142,neg
3143,neg
3144,pos
3145,neg
3146,neg
3147,pos
3148,neg
3149,pos
3150,neg
3151,neg
3152,neg
3153,pos
3154,pos
3155,pos
3156,pos
3157,pos
3158,neg
3159,pos
3160,neg
3161,neg
3162,neg
3163,neg
3164,neg
3165,pos
3166,neg
3167,neg
3168,neg
3169,neg
3170,neg
3171,pos
3172,pos
3173,pos
3174,neg
3175,pos
3176,neg
3177,pos
3178,pos
3179,pos
3180,pos
3181,pos
3182,neg
3183,neg
3184,neg
3185,neg
3186,neg
3187,neg
3188,pos
3189,neg
3190,neg
3191,pos
3192,pos
3193,neg
3194,pos
3195,pos
3196,pos
3197,pos
3198,neg
3199,pos
3200,pos
3201,neg
3202,pos
3203,pos
3204,pos
3205,neg
3206,pos
3207,pos
3208,pos
3209,neg
3210,pos
3211,neg
3212,pos
3213,pos
3214,pos
3215,neg
3216,neg
3217,neg
3218,pos
3219,neg
3220,pos
3221,neg
3222,neg
3223,pos
3224,pos
3225,pos
3226,pos
3227,pos
3228,pos
3229,pos
3230,neg
3231,pos
3232,pos
3233,pos
3234,pos
3235,neg
3236,pos
3237,pos
3238,neg
3239,pos
3240,neg
3241,pos
3242,pos
3243,pos
3244,neg
3245,pos
3246,pos
3247,neg
3248,neg
3249,neg
3250,pos
3251,pos
3252,pos
3253,neg
3254,pos
3255,neg
3256,neg
3257,neg
3258,pos
3259,pos
3260,neg
3261,neg
3262,neg
3263,neg
3264,pos
3265,neg
3266,neg
3267,pos
3268,neg
3269,pos
3270,neg
3271,pos
3272,neg
3273,neg
3274,neg
3275,neg
3276,pos
3277,pos
3278,pos
3279,pos
3280,pos
3281,neg
3282,neg
3283,pos
3284,pos
3285,pos
3286,pos
3287,pos
3288,neg
3289,pos
3290,neg
3291,neg
3292,neg
3293,pos
3294,pos
3295,neg
3296,pos
3297,neg
3298,pos
3299,neg
3300,pos
3301,pos
3302,pos
3303,pos
3304,neg
3305,pos
3306,pos
3307,neg
3308,pos
3309,pos
3310,pos
3311,neg
3312,neg
3313,pos
3314,pos
3315,neg
3316,neg
3317,neg
3318,pos
3319,pos
3320,neg
3321,neg
3322,neg
3323,neg
3324,neg
3325,pos
3326,neg
3327,neg
3328,neg
3329,pos
3330,neg
3331,neg
3332,neg
3333,neg
3334,pos
3335,pos
3336,pos
3337,pos
3338,neg
3339,neg
3340,neg
3341,pos
3342,neg
3343,pos
3344,pos
3345,neg
3346,neg
3347,neg
3348,neg
3349,neg
3350,neg
3351,neg
3352,neg
3353,neg
3354,pos
3355,neg
3356,pos
3357,neg
3358,neg
3359,pos
3360,pos
3361,neg
3362,neg
3363,pos
3364,pos
3365,pos
3366,pos
3367,neg
3368,pos
3369,neg
3370,pos
3371,neg
3372,pos
3373,pos
3374,neg
3375,neg
3376,neg
3377,pos
3378,pos
3379,neg
3380,neg
3381,pos
3382,neg
3383,pos
3384,pos
3385,neg
3386,neg
3387,neg
3388,pos
3389,neg
3390,pos
3391,neg
3392,neg
3393,neg
3394,pos
3395,neg
3396,pos
3397,neg
3398,pos
3399,pos
3400,neg
3401,neg
3402,pos
3403,neg
3404,neg
3405,neg
3406,pos
3407,neg
3408,pos
3409,pos
3410,neg
3411,neg
3412,neg
3413,pos
3414,neg
3415,neg
3416,pos
3417,neg
3418,pos
3419,neg
3420,neg
3421,neg
3422,neg
3423,neg
3424,pos
3425,neg
3426,neg
3427,pos
3428,neg
3429,pos
3430,neg
3431,pos
3432,neg
3433,neg
3434,pos
3435,pos
3436,neg
3437,pos
3438,neg
3439,neg
3440,neg
3441,pos
3442,neg
3443,neg
3444,neg
3445,pos
3446,pos
3447,pos
3448,pos
3449,pos
3450,neg
3451,neg
3452,pos
3453,neg
3454,pos
3455,pos
3456,neg
3457,pos
3458,pos
3459,pos
3460,neg
3461,neg
3462,neg
3463,neg
3464,pos
3465,pos
3466,pos
3467,pos
3468,pos
3469,neg
3470,neg
3471,neg
3472,neg
3473,pos
3474,pos
3475,neg
3476,pos
3477,pos
3478,neg
3479,pos
3480,pos
3481,pos
3482,neg
3483,neg
3484,pos
3485,neg
3486,neg
3487,pos
3488,neg
3489,neg
3490,neg
3491,pos
3492,pos
3493,neg
3494,neg
3495,neg
3496,pos
3497,neg
3498,pos
3499,pos
3500,neg
3501,neg
3502,pos
3503,neg
3504,neg
3505,pos
3506,neg
3507,pos
3508,pos
3509,neg
3510,pos
3511,neg
3512,neg
3513,neg
3514,neg
3515,neg
3516,neg
3517,neg
3518,neg
3519,pos
3520,pos
3521,pos
3522,pos
3523,pos
3524,neg
3525,neg
3526,pos
3527,pos
3528,neg
3529,pos
3530,neg
3531,neg
3532,pos
3533,neg
3534,neg
3535,neg
3536,neg
3537,pos
3538,neg
3539,pos
3540,neg
3541,pos
3542,pos
3543,pos
3544,pos
3545,neg
3546,pos
3547,pos
3548,pos
3549,neg
3550,pos
3551,pos
3552,pos
3553,neg
3554,pos
3555,neg
3556,pos
3557,pos
3558,neg
3559,neg
3560,neg
3561,neg
3562,neg
3563,pos
3564,pos
3565,pos
3566,neg
3567,pos
3568,neg
3569,pos
3570,neg
3571,neg
3572,neg
3573,pos
3574,pos
3575,neg
3576,neg
3577,pos
3578,neg
3579,pos
3580,pos
3581,pos
3582,pos
3583,pos
3584,neg
3585,pos
3586,neg
3587,neg
3588,pos
3589,neg
3590,neg
3591,pos
3592,pos
3593,neg
3594,pos
3595,neg
3596,neg
3597,pos
3598,pos
3599,pos
3600,neg
3601,neg
3602,pos
3603,neg
3604,neg
3605,pos
3606,pos
3607,neg
3608,neg
3609,pos
3610,pos
3611,pos
3612,pos
3613,neg
3614,pos
3615,neg
3616,pos
3617,pos
3618,neg
3619,pos
3620,pos
3621,neg
3622,neg
3623,pos
3624,neg
3625,neg
3626,neg
3627,pos
3628,neg
3629,pos
3630,pos
3631,neg
3632,neg
3633,neg
3634,pos
3635,pos
3636,neg
3637,pos
3638,neg
3639,pos
3640,pos
3641,neg
3642,pos
3643,neg
3644,neg
3645,neg
3646,pos
3647,neg
3648,neg
3649,neg
3650,neg
3651,neg
3652,neg
3653,neg
3654,neg
3655,neg
3656,neg
3657,neg
3658,pos
3659,pos
3660,pos
3661,neg
3662,neg
3663,neg
3664,pos
3665,pos
3666,pos
3667,neg
3668,neg
3669,neg
3670,pos
3671,pos
3672,pos
3673,neg
3674,neg
3675,pos
3676,pos
3677,pos
3678,neg
3679,pos
3680,neg
3681,neg
3682,neg
3683,pos
3684,neg
3685,neg
3686,pos
3687,neg
3688,neg
3689,pos
3690,neg
3691,pos
3692,pos
3693,pos
3694,pos
3695,pos
3696,pos
3697,neg
3698,pos
3699,pos
3700,pos
3701,neg
3702,neg
3703,neg
3704,neg
3705,pos
3706,neg
3707,neg
3708,pos
3709,neg
3710,neg
3711,pos
3712,neg
3713,pos
3714,pos
3715,neg
3716,pos
3717,neg
3718,neg
3719,neg
3720,pos
3721,pos
3722,pos
3723,neg
3724,pos
3725,pos
3726,neg
3727,neg
3728,neg
3729,neg
3730,neg
3731,pos
3732,neg
3733,neg
3734,neg
3735,neg
3736,pos
3737,neg
3738,pos
3739,neg
3740,neg
3741,neg
3742,pos
3743,neg
3744,neg
3745,neg
3746,neg
3747,pos
3748,pos
3749,neg
3750,neg
3751,neg
3752,pos
3753,pos
3754,neg
3755,pos
3756,neg
3757,neg
3758,pos
3759,pos
3760,pos
3761,neg
3762,neg
3763,pos
3764,pos
3765,neg
3766,neg
3767,pos
3768,neg
3769,neg
3770,neg
3771,pos
3772,neg
3773,pos
3774,neg
3775,neg
3776,neg
3777,pos
3778,neg
3779,neg
3780,pos
3781,neg
3782,neg
3783,pos
3784,neg
3785,neg
3786,neg
3787,neg
3788,pos
3789,neg
3790,neg
3791,pos
3792,pos
3793,pos
3794,pos
3795,neg
3796,neg
3797,pos
3798,pos
3799,neg
3800,pos
3801,neg
3802,pos
3803,neg
3804,pos
3805,neg
3806,pos
3807,pos
3808,neg
3809,neg
3810,pos
3811,pos
3812,neg
3813,pos
3814,pos
3815,pos
3816,pos
3817,neg
3818,pos
3819,neg
3820,neg
3821,neg
3822,pos
3823,neg
3824,pos
3825,pos
3826,neg
3827,pos
3828,pos
3829,neg
3830,pos
3831,neg
3832,pos
3833,pos
3834,pos
3835,pos
3836,neg
3837,neg
3838,pos
3839,neg
3840,neg
3841,neg
3842,neg
3843,neg
3844,pos
3845,pos
3846,pos
3847,pos
3848,pos
3849,neg
3850,neg
3851,neg
3852,neg
3853,pos
3854,pos
3855,pos
3856,neg
3857,neg
3858,neg
3859,neg
3860,neg
3861,neg
3862,neg
3863,pos
3864,pos
3865,pos
3866,neg
3867,neg
3868,pos
3869,neg
3870,pos
3871,neg
3872,pos
3873,neg
3874,pos
3875,neg
3876,pos
3877,pos
3878,pos
3879,neg
3880,pos
3881,neg
3882,pos
3883,pos
3884,pos
3885,neg
3886,neg
3887,neg
3888,pos
3889,neg
3890,pos
3891,neg
3892,pos
3893,neg
3894,pos
3895,pos
3896,pos
3897,pos
3898,pos
3899,neg
3900,neg
3901,neg
3902,neg
3903,neg
3904,neg
3905,neg
3906,neg
3907,pos
3908,neg
3909,neg
3910,pos
3911,neg
3912,neg
3913,pos
3914,neg
3915,pos
3916,pos
3917,pos
3918,pos
3919,pos
3920,neg
3921,pos
3922,neg
3923,pos
3924,neg
3925,pos
3926,neg
3927,neg
3928,pos
3929,pos
3930,neg
3931,pos
3932,pos
3933,neg
3934,pos
3935,neg
3936,pos
3937,pos
3938,pos
3939,neg
3940,neg
3941,pos
3942,pos
3943,pos
3944,neg
3945,pos
3946,neg
3947,neg
3948,neg
3949,pos
3950,pos
3951,pos
3952,neg
3953,pos
3954,pos
3955,neg
3956,pos
3957,neg
3958,neg
3959,pos
3960,pos
3961,neg
3962,neg
3963,neg
3964,neg
3965,pos
3966,pos
3967,neg
3968,neg
3969,neg
3970,pos
3971,pos
3972,neg
3973,neg
3974,pos
3975,pos
3976,neg
3977,pos
3978,pos
3979,pos
3980,neg
3981,pos
3982,pos
3983,neg
3984,pos
3985,pos
3986,neg
3987,neg
3988,neg
3989,neg
3990,pos
3991,pos
3992,neg
3993,pos
3994,neg
3995,neg
3996,neg
3997,pos
3998,pos
3999,pos
4000,neg
4001,pos
4002,pos
4003,neg
4004,pos
4005,pos
4006,pos
4007,pos
4008,pos
4009,neg
4010,pos
4011,neg
4012,pos
4013,neg
4014,pos
4015,neg
4016,neg
4017,neg
4018,neg
4019,pos
4020,neg
4021,neg
4022,pos
4023,neg
4024,neg
4025,neg
4026,neg
4027,neg
4028,pos
4029,neg
4030,pos
4031,neg
4032,neg
4033,neg
4034,neg
4035,pos
4036,pos
4037,pos
4038,pos
4039,pos
4040,pos
4041,neg
4042,pos
4043,pos
4044,neg
4045,pos
4046,neg
4047,pos
4048,neg
4049,pos
4050,pos
4051,pos
4052,neg
4053,pos
4054,neg
4055,neg
4056,neg
4057,pos
4058,neg
4059,pos
4060,pos
4061,pos
4062,neg
4063,pos
4064,neg
4065,neg
4066,neg
4067,pos
4068,neg
4069,pos
4070,pos
4071,pos
4072,pos
4073,pos
4074,neg
4075,neg
4076,pos
4077,pos
4078,neg
4079,neg
4080,neg
4081,neg
4082,neg
4083,neg
4084,pos
4085,neg
4086,pos
4087,neg
4088,neg
4089,neg
4090,pos
4091,pos
4092,neg
4093,pos
4094,pos
4095,pos
4096,pos
4097,neg
4098,neg
4099,neg
4100,neg
4101,neg
4102,neg
4103,neg
4104,neg
4105,pos
4106,pos
4107,pos
4108,pos
4109,neg
4110,neg
4111,neg
4112,pos
4113,neg
4114,neg
4115,neg
4116,neg
4117,pos
4118,pos
4119,neg
4120,neg
4121,pos
4122,pos
4123,neg
4124,neg
4125,pos
4126,neg
4127,neg
4128,pos
4129,neg
4130,neg
4131,pos
4132,pos
4133,pos
4134,neg
4135,pos
4136,neg
4137,neg
4138,neg
4139,pos
4140,pos
4141,pos
4142,neg
4143,pos
4144,neg
4145,pos
4146,pos
4147,pos
4148,pos
4149,pos
4150,neg
4151,neg
4152,neg
4153,neg
4154,neg
4155,pos
4156,neg
4157,neg
4158,pos
4159,neg
4160,pos
4161,pos
4162,neg
4163,pos
4164,neg
4165,pos
4166,neg
4167,pos
4168,pos
4169,pos
4170,pos
4171,pos
4172,neg
4173,pos
4174,pos
4175,neg
4176,neg
4177,neg
4178,pos
4179,pos
4180,pos
4181,neg
4182,pos
4183,neg
4184,neg
4185,neg
4186,pos
4187,neg
4188,neg
4189,neg
4190,neg
4191,neg
4192,pos
4193,pos
4194,pos
4195,neg
4196,neg
4197,neg
4198,neg
4199,neg
4200,pos
4201,pos
4202,neg
4203,neg
4204,neg
4205,pos
4206,neg
4207,neg
4208,pos
4209,pos
4210,neg
4211,neg
4212,pos
4213,neg
4214,pos
4215,pos
4216,pos
4217,pos
4218,pos
4219,neg
4220,neg
4221,neg
4222,pos
4223,pos
4224,pos
4225,neg
4226,pos
4227,pos
4228,neg
4229,neg
4230,neg
4231,neg
4232,neg
4233,neg
4234,neg
4235,neg
4236,pos
4237,neg
4238,neg
4239,pos
4240,neg
4241,pos
4242,neg
4243,pos
4244,pos
4245,pos
4246,neg
4247,neg
4248,neg
4249,pos
4250,pos
4251,neg
4252,pos
4253,neg
4254,neg
4255,neg
4256,neg
4257,pos
4258,pos
4259,neg
4260,pos
4261,neg
4262,neg
4263,neg
4264,neg
4265,neg
4266,pos
4267,pos
4268,pos
4269,neg
4270,neg
4271,pos
4272,pos
4273,neg
4274,neg
4275,neg
4276,neg
4277,neg
4278,pos
4279,neg
4280,neg
4281,neg
4282,pos
4283,pos
4284,pos
4285,neg
4286,neg
4287,pos
4288,pos
4289,pos
4290,neg
4291,pos
4292,neg
4293,pos
4294,pos
4295,neg
4296,pos
4297,neg
4298,pos
4299,pos
4300,pos
4301,pos
4302,pos
4303,pos
4304,neg
4305,neg
4306,pos
4307,pos
4308,pos
4309,pos
4310,neg
4311,neg
4312,pos
4313,pos
4314,pos
4315,pos
4316,neg
4317,pos
4318,pos
4319,pos
4320,neg
4321,neg
4322,neg
4323,neg
4324,neg
4325,neg
4326,pos
4327,neg
4328,neg
4329,neg
4330,pos
4331,neg
4332,pos
4333,pos
4334,pos
4335,pos
4336,neg
4337,pos
4338,neg
4339,pos
4340,neg
4341,neg
4342,neg
4343,pos
4344,pos
4345,neg
4346,neg
4347,neg
4348,pos
4349,neg
4350,pos
4351,neg
4352,pos
4353,pos
4354,neg
4355,neg
4356,neg
4357,pos
4358,neg
4359,pos
4360,pos
4361,pos
4362,pos
4363,neg
4364,neg
4365,pos
4366,pos
4367,neg
4368,neg
4369,pos
4370,neg
4371,pos
4372,pos
4373,neg
4374,neg
4375,pos
4376,neg
4377,pos
4378,pos
4379,pos
4380,neg
4381,neg
4382,pos
4383,neg
4384,neg
4385,neg
4386,neg
4387,pos
4388,neg
4389,pos
4390,neg
4391,neg
4392,neg
4393,pos
4394,pos
4395,pos
4396,neg
4397,pos
4398,pos
4399,neg
4400,neg
4401,neg
4402,neg
4403,neg
4404,pos
4405,pos
4406,pos
4407,neg
4408,neg
4409,neg
4410,neg
4411,neg
4412,neg
4413,neg
4414,pos
4415,neg
4416,pos
4417,pos
4418,neg
4419,neg
4420,neg
4421,pos
4422,neg
4423,neg
4424,pos
4425,neg
4426,pos
4427,pos
4428,pos
4429,pos
4430,neg
4431,neg
4432,pos
4433,neg
4434,pos
4435,neg
4436,neg
4437,pos
4438,pos
4439,neg
4440,pos
4441,neg
4442,pos
4443,pos
4444,pos
4445,neg
4446,neg
4447,pos
4448,pos
4449,neg
4450,pos
4451,neg
4452,pos
4453,neg
4454,pos
4455,neg
4456,neg
4457,pos
4458,pos
4459,neg
4460,pos
4461,pos
4462,pos
4463,neg
4464,neg
4465,neg
4466,neg
4467,neg
4468,neg
4469,pos
4470,neg
4471,neg
4472,neg
4473,neg
4474,pos
4475,neg
4476,pos
4477,pos
4478,pos
4479,neg
4480,pos
4481,pos
4482,neg
4483,pos
4484,pos
4485,neg
4486,pos
4487,neg
4488,neg
4489,neg
4490,pos
4491,pos
4492,neg
4493,neg
4494,pos
4495,pos
4496,neg
4497,pos
4498,pos
4499,neg
4500,neg
4501,neg
4502,neg
4503,pos
4504,pos
4505,neg
4506,neg
4507,pos
4508,pos
4509,pos
4510,pos
4511,neg
4512,pos
4513,neg
4514,neg
4515,neg
4516,neg
4517,pos
4518,neg
4519,neg
4520,pos
4521,neg
4522,pos
4523,neg
4524,pos
4525,neg
4526,neg
4527,pos
4528,neg
4529,pos
4530,pos
4531,neg
4532,neg
4533,neg
4534,neg
4535,pos
4536,pos
4537,pos
4538,pos
4539,neg
4540,neg
4541,neg
4542,pos
4543,pos
4544,neg
4545,pos
4546,neg
4547,pos
4548,pos
4549,pos
4550,neg
4551,pos
4552,neg
4553,neg
4554,pos
4555,pos
4556,neg
4557,neg
4558,pos
4559,neg
4560,pos
4561,pos
4562,pos
4563,neg
4564,neg
4565,neg
4566,pos
4567,neg
4568,pos
4569,pos
4570,pos
4571,neg
4572,pos
4573,pos
4574,pos
4575,neg
4576,pos
4577,pos
4578,neg
4579,pos
4580,pos
4581,pos
4582,pos
4583,neg
4584,pos
4585,pos
4586,pos
4587,pos
4588,pos
4589,neg
4590,neg
4591,neg
4592,neg
4593,pos
4594,pos
4595,neg
4596,neg
4597,pos
4598,pos
4599,pos
4600,neg
4601,neg
4602,neg
4603,pos
4604,pos
4605,pos
4606,neg
4607,neg
4608,pos
4609,neg
4610,neg
4611,neg
4612,neg
4613,neg
4614,pos
4615,pos
4616,neg
4617,pos
4618,pos
4619,neg
4620,pos
4621,pos
4622,neg
4623,neg
4624,neg
4625,neg
4626,neg
4627,neg
4628,neg
4629,pos
4630,neg
4631,neg
4632,neg
4633,pos
4634,neg
4635,pos
4636,pos
4637,neg
4638,neg
4639,neg
4640,neg
4641,neg
4642,neg
4643,neg
4644,pos
4645,neg
4646,pos
4647,pos
4648,pos
4649,neg
4650,neg
4651,pos
4652,pos
4653,neg
4654,neg
4655,pos
4656,neg
4657,pos
4658,neg
4659,neg
4660,neg
4661,neg
4662,pos
4663,pos
4664,pos
4665,pos
4666,pos
4667,neg
4668,neg
4669,neg
4670,neg
4671,neg
4672,neg
4673,pos
4674,pos
4675,neg
4676,neg
4677,neg
4678,neg
4679,pos
4680,neg
4681,pos
4682,pos
4683,neg
4684,neg
4685,neg
4686,pos
4687,pos
4688,pos
4689,neg
4690,neg
4691,pos
4692,neg
4693,pos
4694,neg
4695,neg
4696,neg
4697,pos
4698,pos
4699,pos
4700,neg
4701,neg
4702,neg
4703,neg
4704,neg
4705,pos
4706,pos
4707,neg
4708,neg
4709,neg
4710,neg
4711,pos
4712,neg
4713,neg
4714,pos
4715,neg
4716,pos
4717,pos
4718,pos
4719,neg
4720,neg
4721,neg
4722,neg
4723,neg
4724,neg
4725,neg
4726,pos
4727,neg
4728,pos
4729,pos
4730,pos
4731,pos
4732,pos
4733,pos
4734,neg
4735,neg
4736,neg
4737,pos
4738,pos
4739,neg
4740,pos
4741,pos
4742,neg
4743,pos
4744,pos
4745,pos
4746,pos
4747,neg
4748,neg
4749,pos
4750,neg
4751,neg
4752,neg
4753,pos
4754,neg
4755,pos
4756,neg
4757,neg
4758,pos
4759,neg
4760,pos
4761,neg
4762,neg
4763,neg
4764,neg
4765,neg
4766,pos
4767,pos
4768,pos
4769,neg
4770,neg
4771,neg
4772,neg
4773,neg
4774,neg
4775,pos
4776,neg
4777,neg
4778,pos
4779,neg
4780,pos
4781,pos
4782,pos
4783,neg
4784,pos
4785,pos
4786,neg
4787,neg
4788,pos
4789,pos
4790,neg
4791,pos
4792,neg
4793,pos
4794,neg
4795,pos
4796,neg
4797,pos
4798,neg
4799,neg
4800,pos
4801,pos
4802,neg
4803,pos
4804,pos
4805,pos
4806,pos
4807,pos
4808,neg
4809,pos
4810,pos
4811,neg
4812,neg
4813,neg
4814,pos
4815,pos
4816,pos
4817,pos
4818,neg
4819,neg
4820,neg
4821,neg
4822,neg
4823,neg
4824,pos
4825,neg
4826,neg
4827,neg
4828,neg
4829,neg
4830,neg
4831,pos
4832,pos
4833,pos
4834,neg
4835,pos
4836,pos
4837,pos
4838,neg
4839,neg
4840,pos
4841,pos
4842,neg
4843,pos
4844,neg
4845,pos
4846,pos
4847,neg
4848,neg
4849,neg
4850,pos
4851,neg
4852,neg
4853,neg
4854,neg
4855,neg
4856,pos
4857,neg
4858,neg
4859,neg
4860,pos
4861,pos
4862,neg
4863,neg
4864,pos
4865,neg
4866,pos
4867,neg
4868,pos
4869,neg
4870,pos
4871,pos
4872,pos
4873,neg
4874,pos
4875,neg
4876,pos
4877,neg
4878,pos
4879,pos
4880,pos
4881,pos
4882,neg
4883,neg
4884,pos
4885,pos
4886,neg
4887,pos
4888,neg
4889,pos
4890,pos
4891,pos
4892,pos
4893,neg
4894,neg
4895,pos
4896,neg
4897,neg
4898,neg
4899,neg
4900,pos
4901,neg
4902,neg
4903,pos
4904,neg
4905,pos
4906,neg
4907,neg
4908,pos
4909,neg
4910,pos
4911,pos
4912,neg
4913,neg
4914,neg
4915,pos
4916,neg
4917,neg
4918,pos
4919,pos
4920,pos
4921,neg
4922,pos
4923,pos
4924,pos
4925,pos
4926,pos
4927,neg
4928,pos
4929,neg
4930,neg
4931,neg
4932,pos
4933,pos
4934,pos
4935,neg
4936,pos
4937,neg
4938,neg
4939,neg
4940,neg
4941,neg
4942,neg
4943,neg
4944,neg
4945,neg
4946,neg
4947,neg
4948,pos
4949,pos
4950,neg
4951,neg
4952,pos
4953,neg
4954,neg
4955,neg
4956,neg
4957,neg
4958,pos
4959,neg
4960,neg
4961,pos
4962,pos
4963,neg
4964,neg
4965,pos
4966,neg
4967,neg
4968,neg
4969,neg
4970,pos
4971,pos
4972,pos
4973,neg
4974,neg
4975,pos
4976,pos
4977,pos
4978,pos
4979,pos
4980,pos
4981,neg
4982,pos
4983,pos
4984,pos
4985,neg
4986,neg
4987,neg
4988,neg
4989,pos
4990,pos
4991,neg
4992,neg
4993,neg
4994,pos
4995,neg
4996,neg
4997,neg
4998,neg
4999,pos
5000,neg
5001,pos
5002,neg
5003,neg
5004,pos
5005,pos
5006,neg
5007,neg
5008,neg
5009,pos
5010,pos
5011,neg
5012,pos
5013,neg
5014,neg
5015,neg
5016,pos
5017,neg
5018,pos
5019,neg
5020,neg
5021,pos
5022,neg
5023,neg
5024,neg
5025,pos
5026,pos
5027,pos
5028,pos
5029,pos
5030,neg
5031,neg
5032,pos
5033,neg
5034,neg
5035,pos
5036,neg
5037,neg
5038,neg
5039,neg
5040,pos
5041,pos
5042,neg
5043,pos
5044,neg
5045,neg
5046,neg
5047,pos
5048,pos
5049,neg
5050,pos
5051,neg
5052,neg
5053,pos
5054,neg
5055,neg
5056,neg
5057,neg
5058,neg
5059,pos
5060,neg
5061,neg
5062,pos
5063,pos
5064,neg
5065,neg
5066,pos
5067,neg
5068,pos
5069,neg
5070,pos
5071,neg
5072,neg
5073,neg
5074,pos
5075,pos
5076,neg
5077,pos
5078,neg
5079,neg
5080,neg
5081,neg
5082,neg
5083,neg
5084,pos
5085,neg
5086,neg
5087,neg
5088,pos
5089,pos
5090,neg
5091,neg
5092,pos
5093,pos
5094,neg
5095,neg
5096,pos
5097,pos
5098,pos
5099,neg
5100,pos
5101,neg
5102,neg
5103,neg
5104,neg
5105,neg
5106,neg
5107,pos
5108,pos
5109,pos
5110,pos
5111,neg
5112,pos
5113,neg
5114,pos
5115,neg
5116,neg
5117,neg
5118,neg
5119,pos
5120,neg
5121,pos
5122,neg
5123,neg
5124,neg
5125,neg
5126,pos
5127,neg
5128,pos
5129,pos
5130,neg
5131,pos
5132,pos
5133,neg
5134,neg
5135,pos
5136,pos
5137,neg
5138,pos
5139,pos
5140,pos
5141,neg
5142,neg
5143,pos
5144,pos
5145,neg
5146,pos
5147,neg
5148,pos
5149,pos
5150,pos
5151,neg
5152,neg
5153,neg
5154,neg
5155,pos
5156,pos
5157,neg
5158,neg
5159,pos
5160,pos
5161,neg
5162,neg
5163,pos
5164,pos
5165,pos
5166,neg
5167,neg
5168,neg
5169,pos
5170,neg
5171,pos
5172,pos
5173,pos
5174,neg
5175,pos
5176,neg
5177,neg
5178,neg
5179,neg
5180,pos
5181,pos
5182,neg
5183,pos
5184,pos
5185,neg
5186,neg
5187,neg
5188,pos
5189,pos
5190,pos
5191,neg
5192,pos
5193,pos
5194,pos
5195,pos
5196,pos
5197,pos
5198,pos
5199,pos
5200,neg
5201,pos
5202,pos
5203,neg
5204,pos
5205,neg
5206,neg
5207,pos
5208,neg
5209,pos
5210,neg
5211,pos
5212,neg
5213,neg
5214,pos
5215,pos
5216,pos
5217,pos
5218,pos
5219,pos
5220,neg
5221,pos
5222,pos
5223,neg
5224,neg
5225,pos
5226,pos
5227,neg
5228,neg
5229,pos
5230,neg
5231,pos
5232,neg
5233,neg
5234,neg
5235,neg
5236,pos
5237,pos
5238,pos
5239,neg
5240,pos
5241,neg
5242,pos
5243,pos
5244,neg
5245,neg
5246,pos
5247,neg
5248,pos
5249,pos
5250,pos
5251,pos
5252,neg
5253,pos
5254,pos
5255,neg
5256,neg
5257,neg
5258,pos
5259,neg
5260,pos
5261,neg
5262,pos
5263,neg
5264,neg
5265,pos
5266,pos
5267,neg
5268,neg
5269,neg
5270,pos
5271,pos
5272,pos
5273,pos
5274,pos
5275,neg
5276,neg
5277,neg
5278,pos
5279,pos
5280,pos
5281,pos
5282,pos
5283,pos
5284,neg
5285,neg
5286,pos
5287,neg
5288,pos
5289,pos
5290,pos
5291,pos
5292,neg
5293,neg
5294,neg
5295,neg
5296,pos
5297,pos
5298,neg
5299,pos
5300,pos
5301,pos
5302,neg
5303,neg
5304,neg
5305,pos
5306,pos
5307,neg
5308,pos
5309,neg
5310,neg
5311,pos
5312,neg
5313,neg
5314,pos
5315,pos
5316,neg
5317,pos
5318,neg
5319,pos
5320,neg
5321,neg
5322,pos
5323,pos
5324,neg
5325,pos
5326,pos
5327,pos
5328,pos
5329,neg
5330,pos
5331,neg
5332,neg
5333,pos
5334,neg
5335,neg
5336,pos
5337,neg
5338,neg
5339,neg
5340,pos
5341,pos
5342,neg
5343,neg
5344,pos
5345,pos
5346,neg
5347,neg
5348,neg
5349,neg
5350,pos
5351,pos
5352,neg
5353,neg
5354,pos
5355,pos
5356,neg
5357,pos
5358,pos
5359,neg
5360,pos
5361,neg
5362,pos
5363,neg
5364,pos
5365,neg
5366,pos
5367,pos
5368,pos
5369,pos
5370,neg
5371,pos
5372,pos
5373,neg
5374,neg
5375,neg
5376,neg
5377,pos
5378,pos
5379,pos
5380,pos
5381,neg
5382,pos
5383,neg
5384,neg
5385,neg
5386,neg
5387,pos
5388,neg
5389,neg
5390,neg
5391,pos
5392,neg
5393,pos
5394,neg
5395,pos
5396,pos
5397,neg
5398,pos
5399,pos
5400,pos
5401,neg
5402,neg
5403,pos
5404,neg
5405,neg
5406,pos
5407,pos
5408,pos
5409,neg
5410,neg
5411,neg
5412,neg
5413,neg
5414,pos
5415,pos
5416,pos
5417,pos
5418,pos
5419,pos
5420,neg
5421,pos
5422,pos
5423,neg
5424,pos
5425,pos
5426,neg
5427,neg
5428,neg
5429,pos
5430,pos
5431,neg
5432,pos
5433,neg
5434,pos
5435,neg
5436,neg
5437,pos
5438,neg
5439,pos
5440,neg
5441,pos
5442,pos
5443,pos
5444,pos
5445,neg
5446,neg
5447,pos
5448,pos
5449,neg
5450,neg
5451,pos
5452,neg
5453,pos
5454,neg
5455,neg
5456,neg
5457,neg
5458,pos
5459,neg
5460,neg
5461,neg
5462,pos
5463,neg
5464,neg
5465,neg
5466,pos
5467,pos
5468,pos
5469,neg
5470,pos
5471,neg
5472,neg
5473,neg
5474,neg
5475,neg
5476,pos
5477,pos
5478,neg
5479,neg
5480,neg
5481,neg
5482,pos
5483,neg
5484,pos
5485,neg
5486,neg
5487,neg
5488,pos
5489,pos
5490,neg
5491,neg
5492,pos
5493,neg
5494,neg
5495,neg
5496,pos
5497,pos
5498,pos
5499,pos
5500,pos
5501,pos
5502,pos
5503,pos
5504,neg
5505,neg
5506,pos
5507,neg
5508,pos
5509,pos
5510,neg
5511,neg
5512,neg
5513,pos
5514,neg
5515,pos
5516,neg
5517,neg
5518,pos
5519,neg
5520,pos
5521,neg
5522,pos
5523,neg
5524,pos
5525,neg
5526,neg
5527,pos
5528,neg
5529,neg
5530,pos
5531,pos
5532,pos
5533,neg
5534,pos
5535,neg
5536,neg
5537,neg
5538,neg
5539,neg
5540,neg
5541,neg
5542,neg
5543,pos
5544,neg
5545,pos
5546,pos
5547,pos
5548,pos
5549,pos
5550,neg
5551,neg
5552,pos
5553,neg
5554,pos
5555,pos
5556,neg
5557,pos
5558,pos
5559,pos
5560,neg
5561,neg
5562,pos
5563,neg
5564,neg
5565,pos
5566,neg
5567,pos
5568,neg
5569,neg
5570,pos
5571,pos
5572,neg
5573,pos
5574,pos
5575,pos
5576,neg
5577,pos
5578,pos
5579,pos
5580,pos
5581,neg
5582,pos
5583,pos
5584,neg
5585,neg
5586,pos
5587,pos
5588,neg
5589,neg
5590,pos
5591,pos
5592,pos
5593,pos
5594,pos
5595,pos
5596,pos
5597,neg
5598,pos
5599,neg
5600,neg
5601,neg
5602,neg
5603,neg
5604,neg
5605,neg
5606,pos
5607,pos
5608,neg
5609,neg
5610,pos
5611,neg
5612,pos
5613,neg
5614,neg
5615,pos
5616,neg
5617,pos
5618,pos
5619,neg
5620,pos
5621,pos
5622,neg
5623,neg
5624,neg
5625,pos
5626,pos
5627,neg
5628,neg
5629,neg
5630,neg
5631,pos
5632,pos
5633,pos
5634,neg
5635,pos
5636,pos
5637,neg
5638,neg
5639,neg
5640,pos
5641,neg
5642,pos
5643,neg
5644,neg
5645,neg
5646,pos
5647,pos
5648,pos
5649,pos
5650,pos
5651,pos
5652,neg
5653,pos
5654,pos
5655,neg
5656,pos
5657,neg
5658,neg
5659,neg
5660,pos
5661,pos
5662,pos
5663,pos
5664,pos
5665,neg
5666,pos
5667,neg
5668,pos
5669,pos
5670,neg
5671,neg
5672,pos
5673,neg
5674,pos
5675,neg
5676,neg
5677,neg
5678,pos
5679,neg
5680,neg
5681,neg
5682,neg
5683,neg
5684,neg
5685,neg
5686,neg
5687,pos
5688,pos
5689,neg
5690,pos
5691,pos
5692,neg
5693,neg
5694,neg
5695,pos
5696,neg
5697,neg
5698,pos
5699,pos
5700,pos
5701,pos
5702,neg
5703,pos
5704,neg
5705,neg
5706,pos
5707,neg
5708,pos
5709,pos
5710,pos
5711,neg
5712,pos
5713,neg
5714,neg
5715,neg
5716,pos
5717,neg
5718,neg
5719,neg
5720,neg
5721,neg
5722,neg
5723,neg
5724,neg
5725,pos
5726,neg
5727,neg
5728,neg
5729,neg
5730,pos
5731,pos
5732,neg
5733,neg
5734,pos
5735,pos
5736,pos
5737,pos
5738,pos
5739,pos
5740,pos
5741,pos
5742,pos
5743,neg
5744,neg
5745,neg
5746,pos
5747,pos
5748,pos
5749,neg
5750,neg
5751,neg
5752,pos
5753,neg
5754,neg
5755,pos
5756,pos
5757,pos
5758,pos
5759,pos
5760,pos
5761,pos
5762,neg
5763,neg
5764,neg
5765,neg
5766,neg
5767,neg
5768,neg
5769,pos
5770,neg
5771,pos
5772,pos
5773,pos
5774,pos
5775,pos
5776,pos
5777,pos
5778,pos
5779,neg
5780,neg
5781,pos
5782,neg
5783,pos
5784,pos
5785,neg
5786,pos
5787,neg
5788,neg
5789,neg
5790,pos
5791,neg
5792,neg
5793,neg
5794,pos
5795,neg
5796,pos
5797,neg
5798,neg
5799,neg
5800,neg
5801,neg
5802,neg
5803,pos
5804,pos
5805,neg
5806,neg
5807,neg
5808,pos
5809,pos
5810,pos
5811,neg
5812,pos
5813,neg
5814,pos
5815,pos
5816,pos
5817,pos
5818,neg
5819,neg
5820,pos
5821,neg
5822,neg
5823,neg
5824,neg
5825,pos
5826,neg
5827,pos
5828,pos
5829,pos
5830,neg
5831,neg
5832,neg
5833,pos
5834,neg
5835,neg
5836,pos
5837,neg
5838,neg
5839,neg
5840,neg
5841,pos
5842,neg
5843,neg
5844,pos
5845,neg
5846,pos
5847,pos
5848,neg
5849,neg
5850,pos
5851,neg
5852,pos
5853,neg
5854,pos
5855,pos
5856,neg
5857,pos
5858,pos
5859,pos
5860,pos
5861,pos
5862,neg
5863,neg
5864,pos
5865,pos
5866,pos
5867,neg
5868,neg
5869,neg
5870,neg
5871,neg
5872,neg
5873,pos
5874,neg
5875,neg
5876,neg
5877,pos
5878,pos
5879,neg
5880,neg
5881,neg
5882,neg
5883,pos
5884,neg
5885,neg
5886,pos
5887,pos
5888,pos
5889,pos
5890,pos
5891,pos
5892,neg
5893,pos
5894,neg
5895,pos
5896,pos
5897,pos
5898,neg
5899,neg
5900,pos
5901,pos
5902,neg
5903,pos
5904,neg
5905,neg
5906,neg
5907,pos
5908,pos
5909,neg
5910,neg
5911,neg
5912,neg
5913,pos
5914,neg
5915,neg
5916,neg
5917,pos
5918,pos
5919,pos
5920,pos
5921,pos
5922,neg
5923,pos
5924,pos
5925,pos
5926,pos
5927,neg
5928,pos
5929,pos
5930,neg
5931,neg
5932,pos
5933,neg
5934,neg
5935,pos
5936,neg
5937,pos
5938,pos
5939,neg
5940,neg
5941,pos
5942,pos
5943,pos
5944,pos
5945,pos
5946,neg
5947,pos
5948,pos
5949,pos
5950,neg
5951,pos
5952,pos
5953,pos
5954,pos
5955,pos
5956,pos
5957,neg
5958,neg
5959,pos
5960,neg
5961,pos
5962,neg
5963,pos
5964,pos
5965,neg
5966,pos
5967,neg
5968,pos
5969,neg
5970,neg
5971,neg
5972,neg
5973,pos
5974,pos
5975,pos
5976,pos
5977,neg
5978,neg
5979,pos
5980,neg
5981,pos
5982,neg
5983,neg
5984,pos
5985,neg
5986,neg
5987,pos
5988,pos
5989,neg
5990,pos
5991,neg
5992,neg
5993,pos
5994,neg
5995,pos
5996,pos
5997,neg
5998,pos
5999,neg
6000,pos
6001,pos
6002,pos
6003,neg
6004,pos
6005,pos
6006,pos
6007,pos
6008,pos
6009,pos
6010,neg
6011,pos
6012,pos
6013,neg
6014,neg
6015,neg
6016,pos
6017,neg
6018,neg
6019,neg
6020,neg
6021,neg
6022,pos
6023,pos
6024,neg
6025,pos
6026,pos
6027,pos
6028,pos
6029,neg
6030,pos
6031,neg
6032,pos
6033,pos
6034,pos
6035,pos
6036,pos
6037,neg
6038,pos
6039,pos
6040,pos
6041,neg
6042,neg
6043,pos
6044,neg
6045,pos
6046,pos
6047,pos
6048,neg
6049,neg
6050,pos
6051,neg
6052,neg
6053,pos
6054,pos
6055,pos
6056,neg
6057,neg
6058,neg
6059,pos
6060,neg
6061,pos
6062,neg
6063,neg
6064,neg
6065,pos
6066,pos
6067,neg
6068,pos
6069,pos
6070,pos
6071,pos
6072,pos
6073,neg
6074,neg
6075,pos
6076,neg
6077,pos
6078,neg
6079,pos
6080,pos
6081,pos
6082,pos
6083,pos
6084,pos
6085,pos
6086,neg
6087,neg
6088,pos
6089,neg
6090,pos
6091,pos
6092,neg
6093,neg
6094,pos
6095,neg
6096,pos
6097,pos
6098,neg
6099,neg
6100,neg
6101,neg
6102,pos
6103,neg
6104,pos
6105,neg
6106,neg
6107,neg
6108,pos
6109,neg
6110,neg
6111,pos
6112,pos
6113,neg
6114,pos
6115,neg
6116,pos
6117,pos
6118,pos
6119,neg
6120,pos
6121,neg
6122,neg
6123,neg
6124,neg
6125,pos
6126,neg
6127,neg
6128,pos
6129,pos
6130,pos
6131,pos
6132,pos
6133,neg
6134,neg
6135,pos
6136,neg
6137,pos
6138,pos
6139,pos
6140,neg
6141,pos
6142,neg
6143,neg
6144,neg
6145,neg
6146,pos
6147,neg
6148,neg
6149,neg
6150,pos
6151,neg
6152,neg
6153,pos
6154,pos
6155,pos
6156,neg
6157,pos
6158,pos
6159,pos
6160,pos
6161,neg
6162,pos
6163,pos
6164,pos
6165,pos
6166,neg
6167,pos
6168,neg
6169,neg
6170,neg
6171,pos
6172,neg
6173,neg
6174,pos
6175,pos
6176,neg
6177,neg
6178,neg
6179,pos
6180,pos
6181,neg
6182,neg
6183,neg
6184,pos
6185,pos
6186,pos
6187,pos
6188,neg
6189,pos
6190,pos
6191,neg
6192,neg
6193,pos
6194,neg
6195,pos
6196,pos
6197,pos
6198,pos
6199,pos
6200,pos
6201,pos
6202,pos
6203,pos
6204,neg
6205,pos
6206,neg
6207,neg
6208,neg
6209,neg
6210,pos
6211,neg
6212,pos
6213,neg
6214,neg
6215,neg
6216,pos
6217,neg
6218,pos
6219,pos
6220,neg
6221,pos
6222,neg
6223,pos
6224,pos
6225,pos
6226,pos
6227,pos
6228,neg
6229,pos
6230,neg
6231,pos
6232,pos
6233,neg
6234,neg
6235,neg
6236,pos
6237,pos
6238,neg
6239,pos
6240,pos
6241,pos
6242,pos
6243,pos
6244,pos
6245,pos
6246,pos
6247,pos
6248,neg
6249,pos
6250,pos
6251,neg
6252,pos
6253,pos
6254,neg
6255,neg
6256,neg
6257,pos
6258,neg
6259,neg
6260,neg
6261,pos
6262,neg
6263,pos
6264,pos
6265,neg
6266,pos
6267,neg
6268,neg
6269,pos
6270,pos
6271,neg
6272,pos
6273,neg
6274,neg
6275,pos
6276,pos
6277,pos
6278,neg
6279,pos
6280,pos
6281,neg
6282,pos
6283,pos
6284,pos
6285,neg
6286,neg
6287,neg
6288,pos
6289,pos
6290,neg
6291,neg
6292,neg
6293,pos
6294,pos
6295,neg
6296,neg
6297,pos
6298,pos
6299,pos
6300,neg
6301,neg
6302,neg
6303,pos
6304,pos
6305,pos
6306,pos
6307,pos
6308,neg
6309,pos
6310,neg
6311,pos
6312,neg
6313,pos
6314,neg
6315,pos
6316,neg
6317,pos
6318,neg
6319,neg
6320,pos
6321,pos
6322,neg
6323,neg
6324,neg
6325,pos
6326,neg
6327,neg
6328,neg
6329,neg
6330,pos
6331,pos
6332,pos
6333,pos
6334,pos
6335,pos
6336,neg
6337,pos
6338,neg
6339,neg
6340,pos
6341,neg
6342,pos
6343,pos
6344,neg
6345,neg
6346,pos
6347,neg
6348,pos
6349,neg
6350,pos
6351,pos
6352,neg
6353,pos
6354,neg
6355,neg
6356,neg
6357,pos
6358,pos
6359,neg
6360,pos
6361,neg
6362,neg
6363,pos
6364,pos
6365,neg
6366,neg
6367,neg
6368,pos
6369,pos
6370,neg
6371,pos
6372,pos
6373,neg
6374,pos
6375,neg
6376,neg
6377,pos
6378,neg
6379,pos
6380,neg
6381,pos
6382,pos
6383,neg
6384,pos
6385,neg
6386,pos
6387,pos
6388,pos
6389,neg
6390,neg
6391,pos
6392,neg
6393,neg
6394,neg
6395,pos
6396,pos
6397,neg
6398,neg
6399,pos
6400,neg
6401,neg
6402,pos
6403,neg
6404,pos
6405,pos
6406,pos
6407,neg
6408,neg
6409,neg
6410,pos
6411,pos
6412,pos
6413,neg
6414,neg
6415,neg
6416,pos
6417,pos
6418,pos
6419,neg
6420,neg
6421,neg
6422,neg
6423,pos
6424,neg
6425,pos
6426,pos
6427,pos
6428,neg
6429,pos
6430,pos
6431,neg
6432,neg
6433,pos
6434,pos
6435,pos
6436,pos
6437,pos
6438,neg
6439,pos
6440,neg
6441,neg
6442,neg
6443,neg
6444,pos
6445,pos
6446,neg
6447,pos
6448,neg
6449,neg
6450,neg
6451,pos
6452,pos
6453,neg
6454,pos
6455,pos
6456,pos
6457,neg
6458,neg
6459,pos
6460,pos
6461,neg
6462,pos
6463,neg
6464,pos
6465,neg
6466,neg
6467,pos
6468,neg
6469,neg
6470,neg
6471,pos
6472,pos
6473,neg
6474,neg
6475,pos
6476,pos
6477,pos
6478,pos
6479,pos
6480,pos
6481,neg
6482,pos
6483,neg
6484,neg
6485,neg
6486,pos
6487,pos
6488,neg
6489,neg
6490,neg
6491,neg
6492,pos
6493,pos
6494,neg
6495,pos
6496,pos
6497,neg
6498,pos
6499,neg
6500,neg
6501,neg
6502,neg
6503,pos
6504,pos
6505,pos
6506,pos
6507,pos
6508,pos
6509,pos
6510,pos
6511,pos
6512,pos
6513,neg
6514,neg
6515,neg
6516,neg
6517,pos
6518,pos
6519,pos
6520,pos
6521,pos
6522,neg
6523,neg
6524,neg
6525,pos
6526,pos
6527,neg
6528,neg
6529,neg
6530,neg
6531,pos
6532,neg
6533,pos
6534,pos
6535,pos
6536,pos
6537,neg
6538,pos
6539,neg
6540,pos
6541,pos
6542,pos
6543,neg
6544,pos
6545,neg
6546,pos
6547,neg
6548,pos
6549,pos
6550,neg
6551,pos
6552,pos
6553,pos
6554,pos
6555,pos
6556,pos
6557,neg
6558,pos
6559,neg
6560,neg
6561,pos
6562,pos
6563,pos
6564,neg
6565,pos
6566,neg
6567,neg
6568,pos
6569,neg
6570,neg
6571,neg
6572,pos
6573,neg
6574,pos
6575,pos
6576,neg
6577,neg
6578,pos
6579,neg
6580,neg
6581,neg
6582,pos
6583,neg
6584,pos
6585,pos
6586,pos
6587,neg
6588,pos
6589,pos
6590,pos
6591,pos
6592,neg
6593,pos
6594,neg
6595,neg
6596,pos
6597,pos
6598,pos
6599,pos
6600,pos
6601,pos
6602,neg
6603,pos
6604,neg
6605,pos
6606,pos
6607,pos
6608,neg
6609,pos
6610,neg
6611,neg
6612,pos
6613,pos
6614,pos
6615,pos
6616,neg
6617,neg
6618,neg
6619,pos
6620,neg
6621,neg
6622,pos
6623,neg
6624,neg
6625,neg
6626,neg
6627,pos
6628,pos
6629,pos
6630,neg
6631,neg
6632,neg
6633,neg
6634,neg
6635,neg
6636,pos
6637,neg
6638,neg
6639,pos
6640,neg
6641,pos
6642,neg
6643,pos
6644,pos
6645,pos
6646,neg
6647,neg
6648,neg
6649,neg
6650,neg
6651,neg
6652,pos
6653,pos
6654,pos
6655,pos
6656,neg
6657,pos
6658,neg
6659,pos
6660,pos
6661,neg
6662,neg
6663,neg
6664,neg
6665,pos
6666,neg
6667,neg
6668,pos
6669,neg
6670,pos
6671,neg
6672,pos
6673,neg
6674,pos
6675,neg
6676,neg
6677,pos
6678,pos
6679,pos
6680,pos
6681,neg
6682,pos
6683,neg
6684,pos
6685,neg
6686,pos
6687,neg
6688,neg
6689,pos
6690,pos
6691,neg
6692,pos
6693,pos
6694,pos
6695,neg
6696,neg
6697,pos
6698,pos
6699,neg
6700,neg
6701,neg
6702,neg
6703,pos
6704,pos
6705,neg
6706,neg
6707,pos
6708,pos
6709,neg
6710,pos
6711,neg
6712,pos
6713,neg
6714,neg
6715,neg
6716,neg
6717,pos
6718,neg
6719,pos
6720,pos
6721,neg
6722,pos
6723,neg
6724,pos
6725,pos
6726,pos
6727,pos
6728,neg
6729,pos
6730,pos
6731,neg
6732,neg
6733,neg
6734,neg
6735,neg
6736,neg
6737,pos
6738,neg
6739,pos
6740,neg
6741,pos
6742,neg
6743,neg
6744,neg
6745,pos
6746,neg
6747,neg
6748,pos
6749,pos
6750,pos
6751,pos
6752,neg
6753,pos
6754,neg
6755,pos
6756,pos
6757,neg
6758,pos
6759,neg
6760,pos
6761,neg
6762,pos
6763,neg
6764,neg
6765,pos
6766,neg
6767,neg
6768,pos
6769,neg
6770,neg
6771,pos
6772,neg
6773,pos
6774,neg
6775,pos
6776,pos
6777,neg
6778,pos
6779,pos
6780,pos
6781,neg
6782,pos
6783,neg
6784,pos
6785,pos
6786,pos
6787,neg
6788,neg
6789,neg
6790,pos
6791,pos
6792,neg
6793,pos
6794,pos
6795,pos
6796,neg
6797,neg
6798,pos
6799,pos
6800,neg
6801,neg
6802,neg
6803,pos
6804,pos
6805,pos
6806,neg
6807,pos
6808,pos
6809,pos
6810,neg
6811,pos
6812,pos
6813,pos
6814,pos
6815,neg
6816,neg
6817,neg
6818,neg
6819,pos
6820,pos
6821,neg
6822,pos
6823,neg
6824,pos
6825,neg
6826,neg
6827,neg
6828,neg
6829,neg
6830,pos
6831,pos
6832,pos
6833,neg
6834,neg
6835,neg
6836,neg
6837,neg
6838,neg
6839,pos
6840,pos
6841,neg
6842,pos
6843,neg
6844,pos
6845,pos
6846,neg
6847,neg
6848,neg
6849,pos
6850,neg
6851,neg
6852,neg
6853,pos
6854,pos
6855,pos
6856,pos
6857,neg
6858,pos
6859,pos
6860,pos
6861,neg
6862,pos
6863,neg
6864,pos
6865,neg
6866,pos
6867,pos
6868,pos
6869,pos
6870,pos
6871,pos
6872,pos
6873,neg
6874,pos
6875,pos
6876,pos
6877,neg
6878,pos
6879,neg
6880,pos
6881,pos
6882,neg
6883,neg
6884,pos
6885,neg
6886,pos
6887,neg
6888,neg
6889,pos
6890,neg
6891,pos
6892,pos
6893,neg
6894,neg
6895,neg
6896,pos
6897,neg
6898,neg
6899,pos
6900,neg
6901,pos
6902,pos
6903,pos
6904,pos
6905,neg
6906,neg
6907,pos
6908,neg
6909,neg
6910,pos
6911,neg
6912,neg
6913,pos
6914,neg
6915,pos
6916,neg
6917,pos
6918,pos
6919,neg
6920,neg
6921,neg
6922,neg
6923,neg
6924,neg
6925,neg
6926,pos
6927,pos
6928,pos
6929,pos
6930,pos
6931,neg
6932,neg
6933,neg
6934,neg
6935,pos
6936,pos
6937,neg
6938,neg
6939,pos
6940,neg
6941,neg
6942,neg
6943,neg
6944,neg
6945,pos
6946,neg
6947,neg
6948,neg
6949,pos
6950,pos
6951,neg
6952,pos
6953,neg
6954,neg
6955,neg
6956,neg
6957,neg
6958,pos
6959,pos
6960,pos
6961,pos
6962,neg
6963,neg
6964,neg
6965,neg
6966,neg
6967,pos
6968,pos
6969,pos
6970,neg
6971,pos
6972,pos
6973,pos
6974,neg
6975,neg
6976,pos
6977,neg
6978,neg
6979,pos
6980,pos
6981,pos
6982,neg
6983,neg
6984,pos
6985,pos
6986,neg
6987,neg
6988,pos
6989,neg
6990,pos
6991,pos
6992,neg
6993,neg
6994,pos
6995,pos
6996,neg
6997,neg
6998,neg
6999,pos
